{"cameraMode":{"drawMode":0,"name":"Shaded","section":"Shading Mode"},"sceneLighting":false,"audioPlay":false,"sceneViewState":{"showFog":true,"showMaterialUpdate":false,"showSkybox":false,"showFlares":true,"showImageEffects":true,"showParticleSystems":true},"in2DMode":false,"pivot":{"x":0.3998740315437317,"y":1.463634967803955,"z":-4.208509922027588},"rotation":{"x":0.000738815579097718,"y":-0.9988135099411011,"z":0.04647814482450485,"w":0.01589028909802437},"size":22.0,"orthographic":false}