{"cameraMode":{"drawMode":0,"name":"Shaded","section":"Shading Mode"},"sceneLighting":false,"audioPlay":false,"sceneViewState":{"showFog":true,"showMaterialUpdate":false,"showSkybox":false,"showFlares":true,"showImageEffects":true,"showParticleSystems":true},"in2DMode":false,"pivot":{"x":0.12421798706054688,"y":23.452022552490236,"z":-0.015488624572753907},"rotation":{"x":-0.000676168070640415,"y":0.999305248260498,"z":-0.022797653451561929,"w":-0.029686909168958665},"size":153.81317138671876,"orthographic":false}