{"cameraMode":{"drawMode":0,"name":"Shaded","section":"Shading Mode"},"sceneLighting":false,"audioPlay":false,"sceneViewState":{"showFog":false,"showMaterialUpdate":false,"showSkybox":false,"showFlares":false,"showImageEffects":false,"showParticleSystems":false},"in2DMode":false,"pivot":{"x":-19.614227294921876,"y":2.5620524883270265,"z":-11.525274276733399},"rotation":{"x":0.2053457796573639,"y":0.45178085565567019,"z":-0.10768955200910568,"w":0.8614702224731445},"size":22.0,"orthographic":false}