{"cameraMode":{"drawMode":0,"name":"Shaded","section":"Shading Mode"},"sceneLighting":false,"audioPlay":false,"sceneViewState":{"showFog":true,"showMaterialUpdate":false,"showSkybox":false,"showFlares":true,"showImageEffects":true,"showParticleSystems":true},"in2DMode":false,"pivot":{"x":-4.939998626708984,"y":9.054222106933594,"z":-126.04290771484375},"rotation":{"x":-0.05115100368857384,"y":0.9456455111503601,"z":-0.26355859637260439,"w":-0.18353326618671418},"size":118.40705871582031,"orthographic":false}